,file name,representation,resolution,time (ms),std dev (ms)
0,/Volumes/HD-NICO/vaio-backup/Documents/ime/compmus/mestrado/maestro-v2.0.0/2004/MIDI-Unprocessed_XP_09_R1_2004_05_ORIG_MID--AUDIO_09_R1_2004_06_Track06_wav,STFT,512,39.7,2.04
1,/Volumes/HD-NICO/vaio-backup/Documents/ime/compmus/mestrado/maestro-v2.0.0/2004/MIDI-Unprocessed_XP_09_R1_2004_05_ORIG_MID--AUDIO_09_R1_2004_06_Track06_wav,CQT,512,523.0,25.2
2,/Volumes/HD-NICO/vaio-backup/Documents/ime/compmus/mestrado/maestro-v2.0.0/2004/MIDI-Unprocessed_XP_09_R1_2004_05_ORIG_MID--AUDIO_09_R1_2004_06_Track06_wav,SWGM,512,120.0,3.71
3,/Volumes/HD-NICO/vaio-backup/Documents/ime/compmus/mestrado/maestro-v2.0.0/2004/MIDI-Unprocessed_XP_09_R1_2004_05_ORIG_MID--AUDIO_09_R1_2004_06_Track06_wav,economic 200,512,1010.0,24.4
4,/Volumes/HD-NICO/vaio-backup/Documents/ime/compmus/mestrado/maestro-v2.0.0/2004/MIDI-Unprocessed_XP_09_R1_2004_05_ORIG_MID--AUDIO_09_R1_2004_06_Track06_wav,economic 500,512,935.0,10.5
5,/Volumes/HD-NICO/vaio-backup/Documents/ime/compmus/mestrado/maestro-v2.0.0/2004/MIDI-Unprocessed_XP_09_R1_2004_05_ORIG_MID--AUDIO_09_R1_2004_06_Track06_wav,economic 800,512,991.0,10.6
6,/Volumes/HD-NICO/vaio-backup/Documents/ime/compmus/mestrado/maestro-v2.0.0/2004/MIDI-Unprocessed_XP_15_R1_2004_03_ORIG_MID--AUDIO_15_R1_2004_03_Track03_wav,STFT,512,34.1,2.5
7,/Volumes/HD-NICO/vaio-backup/Documents/ime/compmus/mestrado/maestro-v2.0.0/2004/MIDI-Unprocessed_XP_15_R1_2004_03_ORIG_MID--AUDIO_15_R1_2004_03_Track03_wav,CQT,512,501.0,5.71
8,/Volumes/HD-NICO/vaio-backup/Documents/ime/compmus/mestrado/maestro-v2.0.0/2004/MIDI-Unprocessed_XP_15_R1_2004_03_ORIG_MID--AUDIO_15_R1_2004_03_Track03_wav,SWGM,512,117.0,6.43
9,/Volumes/HD-NICO/vaio-backup/Documents/ime/compmus/mestrado/maestro-v2.0.0/2004/MIDI-Unprocessed_XP_15_R1_2004_03_ORIG_MID--AUDIO_15_R1_2004_03_Track03_wav,economic 200,512,978.0,14.8
10,/Volumes/HD-NICO/vaio-backup/Documents/ime/compmus/mestrado/maestro-v2.0.0/2004/MIDI-Unprocessed_XP_15_R1_2004_03_ORIG_MID--AUDIO_15_R1_2004_03_Track03_wav,economic 500,512,756.0,22.2
11,/Volumes/HD-NICO/vaio-backup/Documents/ime/compmus/mestrado/maestro-v2.0.0/2004/MIDI-Unprocessed_XP_15_R1_2004_03_ORIG_MID--AUDIO_15_R1_2004_03_Track03_wav,economic 800,512,715.0,11.5
12,/Volumes/HD-NICO/vaio-backup/Documents/ime/compmus/mestrado/maestro-v2.0.0/2004/MIDI-Unprocessed_SMF_22_R1_2004_01-04_ORIG_MID--AUDIO_22_R1_2004_05_Track05_wav,STFT,512,34.7,1.96
13,/Volumes/HD-NICO/vaio-backup/Documents/ime/compmus/mestrado/maestro-v2.0.0/2004/MIDI-Unprocessed_SMF_22_R1_2004_01-04_ORIG_MID--AUDIO_22_R1_2004_05_Track05_wav,CQT,512,503.0,4.73
14,/Volumes/HD-NICO/vaio-backup/Documents/ime/compmus/mestrado/maestro-v2.0.0/2004/MIDI-Unprocessed_SMF_22_R1_2004_01-04_ORIG_MID--AUDIO_22_R1_2004_05_Track05_wav,SWGM,512,115.0,3.85
15,/Volumes/HD-NICO/vaio-backup/Documents/ime/compmus/mestrado/maestro-v2.0.0/2004/MIDI-Unprocessed_SMF_22_R1_2004_01-04_ORIG_MID--AUDIO_22_R1_2004_05_Track05_wav,economic 200,512,975.0,2.86
16,/Volumes/HD-NICO/vaio-backup/Documents/ime/compmus/mestrado/maestro-v2.0.0/2004/MIDI-Unprocessed_SMF_22_R1_2004_01-04_ORIG_MID--AUDIO_22_R1_2004_05_Track05_wav,economic 500,512,897.0,4.96
17,/Volumes/HD-NICO/vaio-backup/Documents/ime/compmus/mestrado/maestro-v2.0.0/2004/MIDI-Unprocessed_SMF_22_R1_2004_01-04_ORIG_MID--AUDIO_22_R1_2004_05_Track05_wav,economic 800,512,930.0,6.2
18,/Volumes/HD-NICO/vaio-backup/Documents/ime/compmus/mestrado/maestro-v2.0.0/2004/MIDI-Unprocessed_XP_09_R1_2004_05_ORIG_MID--AUDIO_09_R1_2004_08_Track08_wav,STFT,512,34.0,1.47
19,/Volumes/HD-NICO/vaio-backup/Documents/ime/compmus/mestrado/maestro-v2.0.0/2004/MIDI-Unprocessed_XP_09_R1_2004_05_ORIG_MID--AUDIO_09_R1_2004_08_Track08_wav,CQT,512,499.0,3.7
20,/Volumes/HD-NICO/vaio-backup/Documents/ime/compmus/mestrado/maestro-v2.0.0/2004/MIDI-Unprocessed_XP_09_R1_2004_05_ORIG_MID--AUDIO_09_R1_2004_08_Track08_wav,SWGM,512,115.0,3.76
21,/Volumes/HD-NICO/vaio-backup/Documents/ime/compmus/mestrado/maestro-v2.0.0/2004/MIDI-Unprocessed_XP_09_R1_2004_05_ORIG_MID--AUDIO_09_R1_2004_08_Track08_wav,economic 200,512,974.0,4.08
22,/Volumes/HD-NICO/vaio-backup/Documents/ime/compmus/mestrado/maestro-v2.0.0/2004/MIDI-Unprocessed_XP_09_R1_2004_05_ORIG_MID--AUDIO_09_R1_2004_08_Track08_wav,economic 500,512,703.0,3.79
23,/Volumes/HD-NICO/vaio-backup/Documents/ime/compmus/mestrado/maestro-v2.0.0/2004/MIDI-Unprocessed_XP_09_R1_2004_05_ORIG_MID--AUDIO_09_R1_2004_08_Track08_wav,economic 800,512,666.0,9.15
24,/Volumes/HD-NICO/vaio-backup/Documents/ime/compmus/mestrado/maestro-v2.0.0/2004/MIDI-Unprocessed_XP_04_R2_2004_01_ORIG_MID--AUDIO_04_R2_2004_02_Track02_wav,STFT,512,34.4,2.54
25,/Volumes/HD-NICO/vaio-backup/Documents/ime/compmus/mestrado/maestro-v2.0.0/2004/MIDI-Unprocessed_XP_04_R2_2004_01_ORIG_MID--AUDIO_04_R2_2004_02_Track02_wav,CQT,512,499.0,2.65
26,/Volumes/HD-NICO/vaio-backup/Documents/ime/compmus/mestrado/maestro-v2.0.0/2004/MIDI-Unprocessed_XP_04_R2_2004_01_ORIG_MID--AUDIO_04_R2_2004_02_Track02_wav,SWGM,512,120.0,1.08
27,/Volumes/HD-NICO/vaio-backup/Documents/ime/compmus/mestrado/maestro-v2.0.0/2004/MIDI-Unprocessed_XP_04_R2_2004_01_ORIG_MID--AUDIO_04_R2_2004_02_Track02_wav,economic 200,512,999.0,3.55
28,/Volumes/HD-NICO/vaio-backup/Documents/ime/compmus/mestrado/maestro-v2.0.0/2004/MIDI-Unprocessed_XP_04_R2_2004_01_ORIG_MID--AUDIO_04_R2_2004_02_Track02_wav,economic 500,512,703.0,31.0
29,/Volumes/HD-NICO/vaio-backup/Documents/ime/compmus/mestrado/maestro-v2.0.0/2004/MIDI-Unprocessed_XP_04_R2_2004_01_ORIG_MID--AUDIO_04_R2_2004_02_Track02_wav,economic 800,512,649.0,12.7
0,/Volumes/HD-NICO/vaio-backup/Documents/ime/compmus/mestrado/maestro-v2.0.0/2004/MIDI-Unprocessed_XP_09_R1_2004_05_ORIG_MID--AUDIO_09_R1_2004_06_Track06_wav,STFT,1024,49.1,13.6
1,/Volumes/HD-NICO/vaio-backup/Documents/ime/compmus/mestrado/maestro-v2.0.0/2004/MIDI-Unprocessed_XP_09_R1_2004_05_ORIG_MID--AUDIO_09_R1_2004_06_Track06_wav,CQT,1024,522.0,17.8
2,/Volumes/HD-NICO/vaio-backup/Documents/ime/compmus/mestrado/maestro-v2.0.0/2004/MIDI-Unprocessed_XP_09_R1_2004_05_ORIG_MID--AUDIO_09_R1_2004_06_Track06_wav,SWGM,1024,240.0,29.0
3,/Volumes/HD-NICO/vaio-backup/Documents/ime/compmus/mestrado/maestro-v2.0.0/2004/MIDI-Unprocessed_XP_09_R1_2004_05_ORIG_MID--AUDIO_09_R1_2004_06_Track06_wav,economic 200,1024,994.0,34.8
4,/Volumes/HD-NICO/vaio-backup/Documents/ime/compmus/mestrado/maestro-v2.0.0/2004/MIDI-Unprocessed_XP_09_R1_2004_05_ORIG_MID--AUDIO_09_R1_2004_06_Track06_wav,economic 500,1024,961.0,19.8
5,/Volumes/HD-NICO/vaio-backup/Documents/ime/compmus/mestrado/maestro-v2.0.0/2004/MIDI-Unprocessed_XP_09_R1_2004_05_ORIG_MID--AUDIO_09_R1_2004_06_Track06_wav,economic 800,1024,979.0,17.2
6,/Volumes/HD-NICO/vaio-backup/Documents/ime/compmus/mestrado/maestro-v2.0.0/2004/MIDI-Unprocessed_XP_15_R1_2004_03_ORIG_MID--AUDIO_15_R1_2004_03_Track03_wav,STFT,1024,39.4,8.47
7,/Volumes/HD-NICO/vaio-backup/Documents/ime/compmus/mestrado/maestro-v2.0.0/2004/MIDI-Unprocessed_XP_15_R1_2004_03_ORIG_MID--AUDIO_15_R1_2004_03_Track03_wav,CQT,1024,515.0,7.3
8,/Volumes/HD-NICO/vaio-backup/Documents/ime/compmus/mestrado/maestro-v2.0.0/2004/MIDI-Unprocessed_XP_15_R1_2004_03_ORIG_MID--AUDIO_15_R1_2004_03_Track03_wav,SWGM,1024,241.0,23.6
9,/Volumes/HD-NICO/vaio-backup/Documents/ime/compmus/mestrado/maestro-v2.0.0/2004/MIDI-Unprocessed_XP_15_R1_2004_03_ORIG_MID--AUDIO_15_R1_2004_03_Track03_wav,economic 200,1024,999.0,38.1
10,/Volumes/HD-NICO/vaio-backup/Documents/ime/compmus/mestrado/maestro-v2.0.0/2004/MIDI-Unprocessed_XP_15_R1_2004_03_ORIG_MID--AUDIO_15_R1_2004_03_Track03_wav,economic 500,1024,744.0,8.79
11,/Volumes/HD-NICO/vaio-backup/Documents/ime/compmus/mestrado/maestro-v2.0.0/2004/MIDI-Unprocessed_XP_15_R1_2004_03_ORIG_MID--AUDIO_15_R1_2004_03_Track03_wav,economic 800,1024,737.0,1.94
12,/Volumes/HD-NICO/vaio-backup/Documents/ime/compmus/mestrado/maestro-v2.0.0/2004/MIDI-Unprocessed_SMF_22_R1_2004_01-04_ORIG_MID--AUDIO_22_R1_2004_05_Track05_wav,STFT,1024,34.6,1.38
13,/Volumes/HD-NICO/vaio-backup/Documents/ime/compmus/mestrado/maestro-v2.0.0/2004/MIDI-Unprocessed_SMF_22_R1_2004_01-04_ORIG_MID--AUDIO_22_R1_2004_05_Track05_wav,CQT,1024,506.0,2.73
14,/Volumes/HD-NICO/vaio-backup/Documents/ime/compmus/mestrado/maestro-v2.0.0/2004/MIDI-Unprocessed_SMF_22_R1_2004_01-04_ORIG_MID--AUDIO_22_R1_2004_05_Track05_wav,SWGM,1024,233.0,16.4
15,/Volumes/HD-NICO/vaio-backup/Documents/ime/compmus/mestrado/maestro-v2.0.0/2004/MIDI-Unprocessed_SMF_22_R1_2004_01-04_ORIG_MID--AUDIO_22_R1_2004_05_Track05_wav,economic 200,1024,1010.0,38.9
16,/Volumes/HD-NICO/vaio-backup/Documents/ime/compmus/mestrado/maestro-v2.0.0/2004/MIDI-Unprocessed_SMF_22_R1_2004_01-04_ORIG_MID--AUDIO_22_R1_2004_05_Track05_wav,economic 500,1024,906.0,9.19
17,/Volumes/HD-NICO/vaio-backup/Documents/ime/compmus/mestrado/maestro-v2.0.0/2004/MIDI-Unprocessed_SMF_22_R1_2004_01-04_ORIG_MID--AUDIO_22_R1_2004_05_Track05_wav,economic 800,1024,932.0,4.07
18,/Volumes/HD-NICO/vaio-backup/Documents/ime/compmus/mestrado/maestro-v2.0.0/2004/MIDI-Unprocessed_XP_09_R1_2004_05_ORIG_MID--AUDIO_09_R1_2004_08_Track08_wav,STFT,1024,35.0,2.42
19,/Volumes/HD-NICO/vaio-backup/Documents/ime/compmus/mestrado/maestro-v2.0.0/2004/MIDI-Unprocessed_XP_09_R1_2004_05_ORIG_MID--AUDIO_09_R1_2004_08_Track08_wav,CQT,1024,509.0,2.05
20,/Volumes/HD-NICO/vaio-backup/Documents/ime/compmus/mestrado/maestro-v2.0.0/2004/MIDI-Unprocessed_XP_09_R1_2004_05_ORIG_MID--AUDIO_09_R1_2004_08_Track08_wav,SWGM,1024,248.0,28.1
21,/Volumes/HD-NICO/vaio-backup/Documents/ime/compmus/mestrado/maestro-v2.0.0/2004/MIDI-Unprocessed_XP_09_R1_2004_05_ORIG_MID--AUDIO_09_R1_2004_08_Track08_wav,economic 200,1024,989.0,32.5
22,/Volumes/HD-NICO/vaio-backup/Documents/ime/compmus/mestrado/maestro-v2.0.0/2004/MIDI-Unprocessed_XP_09_R1_2004_05_ORIG_MID--AUDIO_09_R1_2004_08_Track08_wav,economic 500,1024,704.0,7.17
23,/Volumes/HD-NICO/vaio-backup/Documents/ime/compmus/mestrado/maestro-v2.0.0/2004/MIDI-Unprocessed_XP_09_R1_2004_05_ORIG_MID--AUDIO_09_R1_2004_08_Track08_wav,economic 800,1024,666.0,9.27
24,/Volumes/HD-NICO/vaio-backup/Documents/ime/compmus/mestrado/maestro-v2.0.0/2004/MIDI-Unprocessed_XP_04_R2_2004_01_ORIG_MID--AUDIO_04_R2_2004_02_Track02_wav,STFT,1024,41.9,5.32
25,/Volumes/HD-NICO/vaio-backup/Documents/ime/compmus/mestrado/maestro-v2.0.0/2004/MIDI-Unprocessed_XP_04_R2_2004_01_ORIG_MID--AUDIO_04_R2_2004_02_Track02_wav,CQT,1024,504.0,4.1
26,/Volumes/HD-NICO/vaio-backup/Documents/ime/compmus/mestrado/maestro-v2.0.0/2004/MIDI-Unprocessed_XP_04_R2_2004_01_ORIG_MID--AUDIO_04_R2_2004_02_Track02_wav,SWGM,1024,225.0,7.89
27,/Volumes/HD-NICO/vaio-backup/Documents/ime/compmus/mestrado/maestro-v2.0.0/2004/MIDI-Unprocessed_XP_04_R2_2004_01_ORIG_MID--AUDIO_04_R2_2004_02_Track02_wav,economic 200,1024,1020.0,29.7
28,/Volumes/HD-NICO/vaio-backup/Documents/ime/compmus/mestrado/maestro-v2.0.0/2004/MIDI-Unprocessed_XP_04_R2_2004_01_ORIG_MID--AUDIO_04_R2_2004_02_Track02_wav,economic 500,1024,682.0,11.3
29,/Volumes/HD-NICO/vaio-backup/Documents/ime/compmus/mestrado/maestro-v2.0.0/2004/MIDI-Unprocessed_XP_04_R2_2004_01_ORIG_MID--AUDIO_04_R2_2004_02_Track02_wav,economic 800,1024,635.0,1.83
0,/Volumes/HD-NICO/vaio-backup/Documents/ime/compmus/mestrado/maestro-v2.0.0/2004/MIDI-Unprocessed_XP_09_R1_2004_05_ORIG_MID--AUDIO_09_R1_2004_06_Track06_wav,STFT,2048,84.3,17.2
1,/Volumes/HD-NICO/vaio-backup/Documents/ime/compmus/mestrado/maestro-v2.0.0/2004/MIDI-Unprocessed_XP_09_R1_2004_05_ORIG_MID--AUDIO_09_R1_2004_06_Track06_wav,CQT,2048,599.0,39.1
2,/Volumes/HD-NICO/vaio-backup/Documents/ime/compmus/mestrado/maestro-v2.0.0/2004/MIDI-Unprocessed_XP_09_R1_2004_05_ORIG_MID--AUDIO_09_R1_2004_06_Track06_wav,SWGM,2048,492.0,42.2
3,/Volumes/HD-NICO/vaio-backup/Documents/ime/compmus/mestrado/maestro-v2.0.0/2004/MIDI-Unprocessed_XP_09_R1_2004_05_ORIG_MID--AUDIO_09_R1_2004_06_Track06_wav,economic 200,2048,995.0,23.8
4,/Volumes/HD-NICO/vaio-backup/Documents/ime/compmus/mestrado/maestro-v2.0.0/2004/MIDI-Unprocessed_XP_09_R1_2004_05_ORIG_MID--AUDIO_09_R1_2004_06_Track06_wav,economic 500,2048,938.0,0.902
5,/Volumes/HD-NICO/vaio-backup/Documents/ime/compmus/mestrado/maestro-v2.0.0/2004/MIDI-Unprocessed_XP_09_R1_2004_05_ORIG_MID--AUDIO_09_R1_2004_06_Track06_wav,economic 800,2048,990.0,31.4
6,/Volumes/HD-NICO/vaio-backup/Documents/ime/compmus/mestrado/maestro-v2.0.0/2004/MIDI-Unprocessed_XP_15_R1_2004_03_ORIG_MID--AUDIO_15_R1_2004_03_Track03_wav,STFT,2048,43.3,8.57
7,/Volumes/HD-NICO/vaio-backup/Documents/ime/compmus/mestrado/maestro-v2.0.0/2004/MIDI-Unprocessed_XP_15_R1_2004_03_ORIG_MID--AUDIO_15_R1_2004_03_Track03_wav,CQT,2048,516.0,12.3
8,/Volumes/HD-NICO/vaio-backup/Documents/ime/compmus/mestrado/maestro-v2.0.0/2004/MIDI-Unprocessed_XP_15_R1_2004_03_ORIG_MID--AUDIO_15_R1_2004_03_Track03_wav,SWGM,2048,483.0,25.2
9,/Volumes/HD-NICO/vaio-backup/Documents/ime/compmus/mestrado/maestro-v2.0.0/2004/MIDI-Unprocessed_XP_15_R1_2004_03_ORIG_MID--AUDIO_15_R1_2004_03_Track03_wav,economic 200,2048,998.0,24.4
10,/Volumes/HD-NICO/vaio-backup/Documents/ime/compmus/mestrado/maestro-v2.0.0/2004/MIDI-Unprocessed_XP_15_R1_2004_03_ORIG_MID--AUDIO_15_R1_2004_03_Track03_wav,economic 500,2048,744.0,2.75
11,/Volumes/HD-NICO/vaio-backup/Documents/ime/compmus/mestrado/maestro-v2.0.0/2004/MIDI-Unprocessed_XP_15_R1_2004_03_ORIG_MID--AUDIO_15_R1_2004_03_Track03_wav,economic 800,2048,722.0,16.8
12,/Volumes/HD-NICO/vaio-backup/Documents/ime/compmus/mestrado/maestro-v2.0.0/2004/MIDI-Unprocessed_SMF_22_R1_2004_01-04_ORIG_MID--AUDIO_22_R1_2004_05_Track05_wav,STFT,2048,38.4,0.829
13,/Volumes/HD-NICO/vaio-backup/Documents/ime/compmus/mestrado/maestro-v2.0.0/2004/MIDI-Unprocessed_SMF_22_R1_2004_01-04_ORIG_MID--AUDIO_22_R1_2004_05_Track05_wav,CQT,2048,532.0,15.6
14,/Volumes/HD-NICO/vaio-backup/Documents/ime/compmus/mestrado/maestro-v2.0.0/2004/MIDI-Unprocessed_SMF_22_R1_2004_01-04_ORIG_MID--AUDIO_22_R1_2004_05_Track05_wav,SWGM,2048,485.0,21.6
15,/Volumes/HD-NICO/vaio-backup/Documents/ime/compmus/mestrado/maestro-v2.0.0/2004/MIDI-Unprocessed_SMF_22_R1_2004_01-04_ORIG_MID--AUDIO_22_R1_2004_05_Track05_wav,economic 200,2048,991.0,22.2
16,/Volumes/HD-NICO/vaio-backup/Documents/ime/compmus/mestrado/maestro-v2.0.0/2004/MIDI-Unprocessed_SMF_22_R1_2004_01-04_ORIG_MID--AUDIO_22_R1_2004_05_Track05_wav,economic 500,2048,904.0,8.46
17,/Volumes/HD-NICO/vaio-backup/Documents/ime/compmus/mestrado/maestro-v2.0.0/2004/MIDI-Unprocessed_SMF_22_R1_2004_01-04_ORIG_MID--AUDIO_22_R1_2004_05_Track05_wav,economic 800,2048,938.0,5.19
18,/Volumes/HD-NICO/vaio-backup/Documents/ime/compmus/mestrado/maestro-v2.0.0/2004/MIDI-Unprocessed_XP_09_R1_2004_05_ORIG_MID--AUDIO_09_R1_2004_08_Track08_wav,STFT,2048,38.7,1.64
19,/Volumes/HD-NICO/vaio-backup/Documents/ime/compmus/mestrado/maestro-v2.0.0/2004/MIDI-Unprocessed_XP_09_R1_2004_05_ORIG_MID--AUDIO_09_R1_2004_08_Track08_wav,CQT,2048,539.0,8.65
20,/Volumes/HD-NICO/vaio-backup/Documents/ime/compmus/mestrado/maestro-v2.0.0/2004/MIDI-Unprocessed_XP_09_R1_2004_05_ORIG_MID--AUDIO_09_R1_2004_08_Track08_wav,SWGM,2048,627.0,200.0
21,/Volumes/HD-NICO/vaio-backup/Documents/ime/compmus/mestrado/maestro-v2.0.0/2004/MIDI-Unprocessed_XP_09_R1_2004_05_ORIG_MID--AUDIO_09_R1_2004_08_Track08_wav,economic 200,2048,978.0,6.18
22,/Volumes/HD-NICO/vaio-backup/Documents/ime/compmus/mestrado/maestro-v2.0.0/2004/MIDI-Unprocessed_XP_09_R1_2004_05_ORIG_MID--AUDIO_09_R1_2004_08_Track08_wav,economic 500,2048,702.0,8.23
23,/Volumes/HD-NICO/vaio-backup/Documents/ime/compmus/mestrado/maestro-v2.0.0/2004/MIDI-Unprocessed_XP_09_R1_2004_05_ORIG_MID--AUDIO_09_R1_2004_08_Track08_wav,economic 800,2048,670.0,2.45
24,/Volumes/HD-NICO/vaio-backup/Documents/ime/compmus/mestrado/maestro-v2.0.0/2004/MIDI-Unprocessed_XP_04_R2_2004_01_ORIG_MID--AUDIO_04_R2_2004_02_Track02_wav,STFT,2048,36.1,2.79
25,/Volumes/HD-NICO/vaio-backup/Documents/ime/compmus/mestrado/maestro-v2.0.0/2004/MIDI-Unprocessed_XP_04_R2_2004_01_ORIG_MID--AUDIO_04_R2_2004_02_Track02_wav,CQT,2048,510.0,7.66
26,/Volumes/HD-NICO/vaio-backup/Documents/ime/compmus/mestrado/maestro-v2.0.0/2004/MIDI-Unprocessed_XP_04_R2_2004_01_ORIG_MID--AUDIO_04_R2_2004_02_Track02_wav,SWGM,2048,465.0,7.52
27,/Volumes/HD-NICO/vaio-backup/Documents/ime/compmus/mestrado/maestro-v2.0.0/2004/MIDI-Unprocessed_XP_04_R2_2004_01_ORIG_MID--AUDIO_04_R2_2004_02_Track02_wav,economic 200,2048,1020.0,26.1
28,/Volumes/HD-NICO/vaio-backup/Documents/ime/compmus/mestrado/maestro-v2.0.0/2004/MIDI-Unprocessed_XP_04_R2_2004_01_ORIG_MID--AUDIO_04_R2_2004_02_Track02_wav,economic 500,2048,696.0,19.2
29,/Volumes/HD-NICO/vaio-backup/Documents/ime/compmus/mestrado/maestro-v2.0.0/2004/MIDI-Unprocessed_XP_04_R2_2004_01_ORIG_MID--AUDIO_04_R2_2004_02_Track02_wav,economic 800,2048,642.0,1.51
0,/Volumes/HD-NICO/vaio-backup/Documents/ime/compmus/mestrado/maestro-v2.0.0/2004/MIDI-Unprocessed_XP_09_R1_2004_05_ORIG_MID--AUDIO_09_R1_2004_06_Track06_wav,STFT,4096,51.5,12.2
1,/Volumes/HD-NICO/vaio-backup/Documents/ime/compmus/mestrado/maestro-v2.0.0/2004/MIDI-Unprocessed_XP_09_R1_2004_05_ORIG_MID--AUDIO_09_R1_2004_06_Track06_wav,CQT,4096,536.0,17.1
2,/Volumes/HD-NICO/vaio-backup/Documents/ime/compmus/mestrado/maestro-v2.0.0/2004/MIDI-Unprocessed_XP_09_R1_2004_05_ORIG_MID--AUDIO_09_R1_2004_06_Track06_wav,SWGM,4096,985.0,69.9
3,/Volumes/HD-NICO/vaio-backup/Documents/ime/compmus/mestrado/maestro-v2.0.0/2004/MIDI-Unprocessed_XP_09_R1_2004_05_ORIG_MID--AUDIO_09_R1_2004_06_Track06_wav,economic 200,4096,981.0,11.1
4,/Volumes/HD-NICO/vaio-backup/Documents/ime/compmus/mestrado/maestro-v2.0.0/2004/MIDI-Unprocessed_XP_09_R1_2004_05_ORIG_MID--AUDIO_09_R1_2004_06_Track06_wav,economic 500,4096,933.0,2.77
5,/Volumes/HD-NICO/vaio-backup/Documents/ime/compmus/mestrado/maestro-v2.0.0/2004/MIDI-Unprocessed_XP_09_R1_2004_05_ORIG_MID--AUDIO_09_R1_2004_06_Track06_wav,economic 800,4096,1030.0,21.9
6,/Volumes/HD-NICO/vaio-backup/Documents/ime/compmus/mestrado/maestro-v2.0.0/2004/MIDI-Unprocessed_XP_15_R1_2004_03_ORIG_MID--AUDIO_15_R1_2004_03_Track03_wav,STFT,4096,48.3,8.72
7,/Volumes/HD-NICO/vaio-backup/Documents/ime/compmus/mestrado/maestro-v2.0.0/2004/MIDI-Unprocessed_XP_15_R1_2004_03_ORIG_MID--AUDIO_15_R1_2004_03_Track03_wav,CQT,4096,533.0,16.3
8,/Volumes/HD-NICO/vaio-backup/Documents/ime/compmus/mestrado/maestro-v2.0.0/2004/MIDI-Unprocessed_XP_15_R1_2004_03_ORIG_MID--AUDIO_15_R1_2004_03_Track03_wav,SWGM,4096,951.0,13.6
9,/Volumes/HD-NICO/vaio-backup/Documents/ime/compmus/mestrado/maestro-v2.0.0/2004/MIDI-Unprocessed_XP_15_R1_2004_03_ORIG_MID--AUDIO_15_R1_2004_03_Track03_wav,economic 200,4096,992.0,17.7
10,/Volumes/HD-NICO/vaio-backup/Documents/ime/compmus/mestrado/maestro-v2.0.0/2004/MIDI-Unprocessed_XP_15_R1_2004_03_ORIG_MID--AUDIO_15_R1_2004_03_Track03_wav,economic 500,4096,753.0,7.68
11,/Volumes/HD-NICO/vaio-backup/Documents/ime/compmus/mestrado/maestro-v2.0.0/2004/MIDI-Unprocessed_XP_15_R1_2004_03_ORIG_MID--AUDIO_15_R1_2004_03_Track03_wav,economic 800,4096,735.0,3.61
12,/Volumes/HD-NICO/vaio-backup/Documents/ime/compmus/mestrado/maestro-v2.0.0/2004/MIDI-Unprocessed_SMF_22_R1_2004_01-04_ORIG_MID--AUDIO_22_R1_2004_05_Track05_wav,STFT,4096,46.8,0.917
13,/Volumes/HD-NICO/vaio-backup/Documents/ime/compmus/mestrado/maestro-v2.0.0/2004/MIDI-Unprocessed_SMF_22_R1_2004_01-04_ORIG_MID--AUDIO_22_R1_2004_05_Track05_wav,CQT,4096,529.0,9.02
14,/Volumes/HD-NICO/vaio-backup/Documents/ime/compmus/mestrado/maestro-v2.0.0/2004/MIDI-Unprocessed_SMF_22_R1_2004_01-04_ORIG_MID--AUDIO_22_R1_2004_05_Track05_wav,SWGM,4096,964.0,20.1
15,/Volumes/HD-NICO/vaio-backup/Documents/ime/compmus/mestrado/maestro-v2.0.0/2004/MIDI-Unprocessed_SMF_22_R1_2004_01-04_ORIG_MID--AUDIO_22_R1_2004_05_Track05_wav,economic 200,4096,992.0,20.2
16,/Volumes/HD-NICO/vaio-backup/Documents/ime/compmus/mestrado/maestro-v2.0.0/2004/MIDI-Unprocessed_SMF_22_R1_2004_01-04_ORIG_MID--AUDIO_22_R1_2004_05_Track05_wav,economic 500,4096,907.0,10.4
17,/Volumes/HD-NICO/vaio-backup/Documents/ime/compmus/mestrado/maestro-v2.0.0/2004/MIDI-Unprocessed_SMF_22_R1_2004_01-04_ORIG_MID--AUDIO_22_R1_2004_05_Track05_wav,economic 800,4096,972.0,20.8
18,/Volumes/HD-NICO/vaio-backup/Documents/ime/compmus/mestrado/maestro-v2.0.0/2004/MIDI-Unprocessed_XP_09_R1_2004_05_ORIG_MID--AUDIO_09_R1_2004_08_Track08_wav,STFT,4096,42.0,3.35
19,/Volumes/HD-NICO/vaio-backup/Documents/ime/compmus/mestrado/maestro-v2.0.0/2004/MIDI-Unprocessed_XP_09_R1_2004_05_ORIG_MID--AUDIO_09_R1_2004_08_Track08_wav,CQT,4096,524.0,4.03
20,/Volumes/HD-NICO/vaio-backup/Documents/ime/compmus/mestrado/maestro-v2.0.0/2004/MIDI-Unprocessed_XP_09_R1_2004_05_ORIG_MID--AUDIO_09_R1_2004_08_Track08_wav,SWGM,4096,975.0,41.5
21,/Volumes/HD-NICO/vaio-backup/Documents/ime/compmus/mestrado/maestro-v2.0.0/2004/MIDI-Unprocessed_XP_09_R1_2004_05_ORIG_MID--AUDIO_09_R1_2004_08_Track08_wav,economic 200,4096,1010.0,15.8
22,/Volumes/HD-NICO/vaio-backup/Documents/ime/compmus/mestrado/maestro-v2.0.0/2004/MIDI-Unprocessed_XP_09_R1_2004_05_ORIG_MID--AUDIO_09_R1_2004_08_Track08_wav,economic 500,4096,731.0,34.3
23,/Volumes/HD-NICO/vaio-backup/Documents/ime/compmus/mestrado/maestro-v2.0.0/2004/MIDI-Unprocessed_XP_09_R1_2004_05_ORIG_MID--AUDIO_09_R1_2004_08_Track08_wav,economic 800,4096,668.0,8.24
24,/Volumes/HD-NICO/vaio-backup/Documents/ime/compmus/mestrado/maestro-v2.0.0/2004/MIDI-Unprocessed_XP_04_R2_2004_01_ORIG_MID--AUDIO_04_R2_2004_02_Track02_wav,STFT,4096,40.2,1.82
25,/Volumes/HD-NICO/vaio-backup/Documents/ime/compmus/mestrado/maestro-v2.0.0/2004/MIDI-Unprocessed_XP_04_R2_2004_01_ORIG_MID--AUDIO_04_R2_2004_02_Track02_wav,CQT,4096,534.0,11.2
26,/Volumes/HD-NICO/vaio-backup/Documents/ime/compmus/mestrado/maestro-v2.0.0/2004/MIDI-Unprocessed_XP_04_R2_2004_01_ORIG_MID--AUDIO_04_R2_2004_02_Track02_wav,SWGM,4096,966.0,37.6
27,/Volumes/HD-NICO/vaio-backup/Documents/ime/compmus/mestrado/maestro-v2.0.0/2004/MIDI-Unprocessed_XP_04_R2_2004_01_ORIG_MID--AUDIO_04_R2_2004_02_Track02_wav,economic 200,4096,988.0,14.1
28,/Volumes/HD-NICO/vaio-backup/Documents/ime/compmus/mestrado/maestro-v2.0.0/2004/MIDI-Unprocessed_XP_04_R2_2004_01_ORIG_MID--AUDIO_04_R2_2004_02_Track02_wav,economic 500,4096,686.0,9.72
29,/Volumes/HD-NICO/vaio-backup/Documents/ime/compmus/mestrado/maestro-v2.0.0/2004/MIDI-Unprocessed_XP_04_R2_2004_01_ORIG_MID--AUDIO_04_R2_2004_02_Track02_wav,economic 800,4096,657.0,13.7
0,/Volumes/HD-NICO/vaio-backup/Documents/ime/compmus/mestrado/maestro-v2.0.0/2004/MIDI-Unprocessed_XP_09_R1_2004_05_ORIG_MID--AUDIO_09_R1_2004_06_Track06_wav,STFT,8192,53.7,9.06
1,/Volumes/HD-NICO/vaio-backup/Documents/ime/compmus/mestrado/maestro-v2.0.0/2004/MIDI-Unprocessed_XP_09_R1_2004_05_ORIG_MID--AUDIO_09_R1_2004_06_Track06_wav,CQT,8192,571.0,8.23
2,/Volumes/HD-NICO/vaio-backup/Documents/ime/compmus/mestrado/maestro-v2.0.0/2004/MIDI-Unprocessed_XP_09_R1_2004_05_ORIG_MID--AUDIO_09_R1_2004_06_Track06_wav,SWGM,8192,2130.0,113.0
3,/Volumes/HD-NICO/vaio-backup/Documents/ime/compmus/mestrado/maestro-v2.0.0/2004/MIDI-Unprocessed_XP_09_R1_2004_05_ORIG_MID--AUDIO_09_R1_2004_06_Track06_wav,economic 200,8192,987.0,23.1
4,/Volumes/HD-NICO/vaio-backup/Documents/ime/compmus/mestrado/maestro-v2.0.0/2004/MIDI-Unprocessed_XP_09_R1_2004_05_ORIG_MID--AUDIO_09_R1_2004_06_Track06_wav,economic 500,8192,925.0,4.04
5,/Volumes/HD-NICO/vaio-backup/Documents/ime/compmus/mestrado/maestro-v2.0.0/2004/MIDI-Unprocessed_XP_09_R1_2004_05_ORIG_MID--AUDIO_09_R1_2004_06_Track06_wav,economic 800,8192,973.0,25.2
6,/Volumes/HD-NICO/vaio-backup/Documents/ime/compmus/mestrado/maestro-v2.0.0/2004/MIDI-Unprocessed_XP_15_R1_2004_03_ORIG_MID--AUDIO_15_R1_2004_03_Track03_wav,STFT,8192,62.8,11.8
7,/Volumes/HD-NICO/vaio-backup/Documents/ime/compmus/mestrado/maestro-v2.0.0/2004/MIDI-Unprocessed_XP_15_R1_2004_03_ORIG_MID--AUDIO_15_R1_2004_03_Track03_wav,CQT,8192,571.0,7.39
8,/Volumes/HD-NICO/vaio-backup/Documents/ime/compmus/mestrado/maestro-v2.0.0/2004/MIDI-Unprocessed_XP_15_R1_2004_03_ORIG_MID--AUDIO_15_R1_2004_03_Track03_wav,SWGM,8192,2060.0,62.8
9,/Volumes/HD-NICO/vaio-backup/Documents/ime/compmus/mestrado/maestro-v2.0.0/2004/MIDI-Unprocessed_XP_15_R1_2004_03_ORIG_MID--AUDIO_15_R1_2004_03_Track03_wav,economic 200,8192,987.0,12.7
10,/Volumes/HD-NICO/vaio-backup/Documents/ime/compmus/mestrado/maestro-v2.0.0/2004/MIDI-Unprocessed_XP_15_R1_2004_03_ORIG_MID--AUDIO_15_R1_2004_03_Track03_wav,economic 500,8192,748.0,16.9
11,/Volumes/HD-NICO/vaio-backup/Documents/ime/compmus/mestrado/maestro-v2.0.0/2004/MIDI-Unprocessed_XP_15_R1_2004_03_ORIG_MID--AUDIO_15_R1_2004_03_Track03_wav,economic 800,8192,723.0,23.6
12,/Volumes/HD-NICO/vaio-backup/Documents/ime/compmus/mestrado/maestro-v2.0.0/2004/MIDI-Unprocessed_SMF_22_R1_2004_01-04_ORIG_MID--AUDIO_22_R1_2004_05_Track05_wav,STFT,8192,47.4,2.72
13,/Volumes/HD-NICO/vaio-backup/Documents/ime/compmus/mestrado/maestro-v2.0.0/2004/MIDI-Unprocessed_SMF_22_R1_2004_01-04_ORIG_MID--AUDIO_22_R1_2004_05_Track05_wav,CQT,8192,571.0,3.77
14,/Volumes/HD-NICO/vaio-backup/Documents/ime/compmus/mestrado/maestro-v2.0.0/2004/MIDI-Unprocessed_SMF_22_R1_2004_01-04_ORIG_MID--AUDIO_22_R1_2004_05_Track05_wav,SWGM,8192,2060.0,101.0
15,/Volumes/HD-NICO/vaio-backup/Documents/ime/compmus/mestrado/maestro-v2.0.0/2004/MIDI-Unprocessed_SMF_22_R1_2004_01-04_ORIG_MID--AUDIO_22_R1_2004_05_Track05_wav,economic 200,8192,985.0,12.9
16,/Volumes/HD-NICO/vaio-backup/Documents/ime/compmus/mestrado/maestro-v2.0.0/2004/MIDI-Unprocessed_SMF_22_R1_2004_01-04_ORIG_MID--AUDIO_22_R1_2004_05_Track05_wav,economic 500,8192,897.0,5.92
17,/Volumes/HD-NICO/vaio-backup/Documents/ime/compmus/mestrado/maestro-v2.0.0/2004/MIDI-Unprocessed_SMF_22_R1_2004_01-04_ORIG_MID--AUDIO_22_R1_2004_05_Track05_wav,economic 800,8192,921.0,7.59
18,/Volumes/HD-NICO/vaio-backup/Documents/ime/compmus/mestrado/maestro-v2.0.0/2004/MIDI-Unprocessed_XP_09_R1_2004_05_ORIG_MID--AUDIO_09_R1_2004_08_Track08_wav,STFT,8192,46.8,2.44
19,/Volumes/HD-NICO/vaio-backup/Documents/ime/compmus/mestrado/maestro-v2.0.0/2004/MIDI-Unprocessed_XP_09_R1_2004_05_ORIG_MID--AUDIO_09_R1_2004_08_Track08_wav,CQT,8192,568.0,4.58
20,/Volumes/HD-NICO/vaio-backup/Documents/ime/compmus/mestrado/maestro-v2.0.0/2004/MIDI-Unprocessed_XP_09_R1_2004_05_ORIG_MID--AUDIO_09_R1_2004_08_Track08_wav,SWGM,8192,2080.0,129.0
21,/Volumes/HD-NICO/vaio-backup/Documents/ime/compmus/mestrado/maestro-v2.0.0/2004/MIDI-Unprocessed_XP_09_R1_2004_05_ORIG_MID--AUDIO_09_R1_2004_08_Track08_wav,economic 200,8192,1020.0,12.5
22,/Volumes/HD-NICO/vaio-backup/Documents/ime/compmus/mestrado/maestro-v2.0.0/2004/MIDI-Unprocessed_XP_09_R1_2004_05_ORIG_MID--AUDIO_09_R1_2004_08_Track08_wav,economic 500,8192,704.0,6.25
23,/Volumes/HD-NICO/vaio-backup/Documents/ime/compmus/mestrado/maestro-v2.0.0/2004/MIDI-Unprocessed_XP_09_R1_2004_05_ORIG_MID--AUDIO_09_R1_2004_08_Track08_wav,economic 800,8192,665.0,3.85
24,/Volumes/HD-NICO/vaio-backup/Documents/ime/compmus/mestrado/maestro-v2.0.0/2004/MIDI-Unprocessed_XP_04_R2_2004_01_ORIG_MID--AUDIO_04_R2_2004_02_Track02_wav,STFT,8192,46.8,2.63
25,/Volumes/HD-NICO/vaio-backup/Documents/ime/compmus/mestrado/maestro-v2.0.0/2004/MIDI-Unprocessed_XP_04_R2_2004_01_ORIG_MID--AUDIO_04_R2_2004_02_Track02_wav,CQT,8192,568.0,2.33
26,/Volumes/HD-NICO/vaio-backup/Documents/ime/compmus/mestrado/maestro-v2.0.0/2004/MIDI-Unprocessed_XP_04_R2_2004_01_ORIG_MID--AUDIO_04_R2_2004_02_Track02_wav,SWGM,8192,2050.0,113.0
27,/Volumes/HD-NICO/vaio-backup/Documents/ime/compmus/mestrado/maestro-v2.0.0/2004/MIDI-Unprocessed_XP_04_R2_2004_01_ORIG_MID--AUDIO_04_R2_2004_02_Track02_wav,economic 200,8192,1010.0,22.7
28,/Volumes/HD-NICO/vaio-backup/Documents/ime/compmus/mestrado/maestro-v2.0.0/2004/MIDI-Unprocessed_XP_04_R2_2004_01_ORIG_MID--AUDIO_04_R2_2004_02_Track02_wav,economic 500,8192,675.0,1.66
29,/Volumes/HD-NICO/vaio-backup/Documents/ime/compmus/mestrado/maestro-v2.0.0/2004/MIDI-Unprocessed_XP_04_R2_2004_01_ORIG_MID--AUDIO_04_R2_2004_02_Track02_wav,economic 800,8192,647.0,2.07
0,/Volumes/HD-NICO/vaio-backup/Documents/ime/compmus/mestrado/maestro-v2.0.0/2004/MIDI-Unprocessed_XP_09_R1_2004_05_ORIG_MID--AUDIO_09_R1_2004_06_Track06_wav,STFT,16384,61.8,4.67
1,/Volumes/HD-NICO/vaio-backup/Documents/ime/compmus/mestrado/maestro-v2.0.0/2004/MIDI-Unprocessed_XP_09_R1_2004_05_ORIG_MID--AUDIO_09_R1_2004_06_Track06_wav,CQT,16384,679.0,11.2
2,/Volumes/HD-NICO/vaio-backup/Documents/ime/compmus/mestrado/maestro-v2.0.0/2004/MIDI-Unprocessed_XP_09_R1_2004_05_ORIG_MID--AUDIO_09_R1_2004_06_Track06_wav,SWGM,16384,4780.0,172.0
3,/Volumes/HD-NICO/vaio-backup/Documents/ime/compmus/mestrado/maestro-v2.0.0/2004/MIDI-Unprocessed_XP_09_R1_2004_05_ORIG_MID--AUDIO_09_R1_2004_06_Track06_wav,economic 200,16384,975.0,15.1
4,/Volumes/HD-NICO/vaio-backup/Documents/ime/compmus/mestrado/maestro-v2.0.0/2004/MIDI-Unprocessed_XP_09_R1_2004_05_ORIG_MID--AUDIO_09_R1_2004_06_Track06_wav,economic 500,16384,923.0,2.74
5,/Volumes/HD-NICO/vaio-backup/Documents/ime/compmus/mestrado/maestro-v2.0.0/2004/MIDI-Unprocessed_XP_09_R1_2004_05_ORIG_MID--AUDIO_09_R1_2004_06_Track06_wav,economic 800,16384,952.0,8.64
6,/Volumes/HD-NICO/vaio-backup/Documents/ime/compmus/mestrado/maestro-v2.0.0/2004/MIDI-Unprocessed_XP_15_R1_2004_03_ORIG_MID--AUDIO_15_R1_2004_03_Track03_wav,STFT,16384,60.9,6.41
7,/Volumes/HD-NICO/vaio-backup/Documents/ime/compmus/mestrado/maestro-v2.0.0/2004/MIDI-Unprocessed_XP_15_R1_2004_03_ORIG_MID--AUDIO_15_R1_2004_03_Track03_wav,CQT,16384,672.0,6.33
8,/Volumes/HD-NICO/vaio-backup/Documents/ime/compmus/mestrado/maestro-v2.0.0/2004/MIDI-Unprocessed_XP_15_R1_2004_03_ORIG_MID--AUDIO_15_R1_2004_03_Track03_wav,SWGM,16384,4790.0,187.0
9,/Volumes/HD-NICO/vaio-backup/Documents/ime/compmus/mestrado/maestro-v2.0.0/2004/MIDI-Unprocessed_XP_15_R1_2004_03_ORIG_MID--AUDIO_15_R1_2004_03_Track03_wav,economic 200,16384,972.0,17.4
10,/Volumes/HD-NICO/vaio-backup/Documents/ime/compmus/mestrado/maestro-v2.0.0/2004/MIDI-Unprocessed_XP_15_R1_2004_03_ORIG_MID--AUDIO_15_R1_2004_03_Track03_wav,economic 500,16384,737.0,6.26
11,/Volumes/HD-NICO/vaio-backup/Documents/ime/compmus/mestrado/maestro-v2.0.0/2004/MIDI-Unprocessed_XP_15_R1_2004_03_ORIG_MID--AUDIO_15_R1_2004_03_Track03_wav,economic 800,16384,697.0,5.63
12,/Volumes/HD-NICO/vaio-backup/Documents/ime/compmus/mestrado/maestro-v2.0.0/2004/MIDI-Unprocessed_SMF_22_R1_2004_01-04_ORIG_MID--AUDIO_22_R1_2004_05_Track05_wav,STFT,16384,52.0,2.05
13,/Volumes/HD-NICO/vaio-backup/Documents/ime/compmus/mestrado/maestro-v2.0.0/2004/MIDI-Unprocessed_SMF_22_R1_2004_01-04_ORIG_MID--AUDIO_22_R1_2004_05_Track05_wav,CQT,16384,676.0,7.66
14,/Volumes/HD-NICO/vaio-backup/Documents/ime/compmus/mestrado/maestro-v2.0.0/2004/MIDI-Unprocessed_SMF_22_R1_2004_01-04_ORIG_MID--AUDIO_22_R1_2004_05_Track05_wav,SWGM,16384,4810.0,165.0
15,/Volumes/HD-NICO/vaio-backup/Documents/ime/compmus/mestrado/maestro-v2.0.0/2004/MIDI-Unprocessed_SMF_22_R1_2004_01-04_ORIG_MID--AUDIO_22_R1_2004_05_Track05_wav,economic 200,16384,999.0,12.6
16,/Volumes/HD-NICO/vaio-backup/Documents/ime/compmus/mestrado/maestro-v2.0.0/2004/MIDI-Unprocessed_SMF_22_R1_2004_01-04_ORIG_MID--AUDIO_22_R1_2004_05_Track05_wav,economic 500,16384,895.0,6.71
17,/Volumes/HD-NICO/vaio-backup/Documents/ime/compmus/mestrado/maestro-v2.0.0/2004/MIDI-Unprocessed_SMF_22_R1_2004_01-04_ORIG_MID--AUDIO_22_R1_2004_05_Track05_wav,economic 800,16384,904.0,12.3
18,/Volumes/HD-NICO/vaio-backup/Documents/ime/compmus/mestrado/maestro-v2.0.0/2004/MIDI-Unprocessed_XP_09_R1_2004_05_ORIG_MID--AUDIO_09_R1_2004_08_Track08_wav,STFT,16384,49.5,2.34
19,/Volumes/HD-NICO/vaio-backup/Documents/ime/compmus/mestrado/maestro-v2.0.0/2004/MIDI-Unprocessed_XP_09_R1_2004_05_ORIG_MID--AUDIO_09_R1_2004_08_Track08_wav,CQT,16384,676.0,0.558
20,/Volumes/HD-NICO/vaio-backup/Documents/ime/compmus/mestrado/maestro-v2.0.0/2004/MIDI-Unprocessed_XP_09_R1_2004_05_ORIG_MID--AUDIO_09_R1_2004_08_Track08_wav,SWGM,16384,4790.0,143.0
21,/Volumes/HD-NICO/vaio-backup/Documents/ime/compmus/mestrado/maestro-v2.0.0/2004/MIDI-Unprocessed_XP_09_R1_2004_05_ORIG_MID--AUDIO_09_R1_2004_08_Track08_wav,economic 200,16384,995.0,13.6
22,/Volumes/HD-NICO/vaio-backup/Documents/ime/compmus/mestrado/maestro-v2.0.0/2004/MIDI-Unprocessed_XP_09_R1_2004_05_ORIG_MID--AUDIO_09_R1_2004_08_Track08_wav,economic 500,16384,698.0,1.52
23,/Volumes/HD-NICO/vaio-backup/Documents/ime/compmus/mestrado/maestro-v2.0.0/2004/MIDI-Unprocessed_XP_09_R1_2004_05_ORIG_MID--AUDIO_09_R1_2004_08_Track08_wav,economic 800,16384,663.0,13.6
24,/Volumes/HD-NICO/vaio-backup/Documents/ime/compmus/mestrado/maestro-v2.0.0/2004/MIDI-Unprocessed_XP_04_R2_2004_01_ORIG_MID--AUDIO_04_R2_2004_02_Track02_wav,STFT,16384,49.6,2.36
25,/Volumes/HD-NICO/vaio-backup/Documents/ime/compmus/mestrado/maestro-v2.0.0/2004/MIDI-Unprocessed_XP_04_R2_2004_01_ORIG_MID--AUDIO_04_R2_2004_02_Track02_wav,CQT,16384,668.0,7.77
26,/Volumes/HD-NICO/vaio-backup/Documents/ime/compmus/mestrado/maestro-v2.0.0/2004/MIDI-Unprocessed_XP_04_R2_2004_01_ORIG_MID--AUDIO_04_R2_2004_02_Track02_wav,SWGM,16384,4780.0,152.0
27,/Volumes/HD-NICO/vaio-backup/Documents/ime/compmus/mestrado/maestro-v2.0.0/2004/MIDI-Unprocessed_XP_04_R2_2004_01_ORIG_MID--AUDIO_04_R2_2004_02_Track02_wav,economic 200,16384,995.0,10.8
28,/Volumes/HD-NICO/vaio-backup/Documents/ime/compmus/mestrado/maestro-v2.0.0/2004/MIDI-Unprocessed_XP_04_R2_2004_01_ORIG_MID--AUDIO_04_R2_2004_02_Track02_wav,economic 500,16384,686.0,23.4
29,/Volumes/HD-NICO/vaio-backup/Documents/ime/compmus/mestrado/maestro-v2.0.0/2004/MIDI-Unprocessed_XP_04_R2_2004_01_ORIG_MID--AUDIO_04_R2_2004_02_Track02_wav,economic 800,16384,635.0,8.1
0,/Volumes/HD-NICO/vaio-backup/Documents/ime/compmus/mestrado/maestro-v2.0.0/2004/MIDI-Unprocessed_XP_09_R1_2004_05_ORIG_MID--AUDIO_09_R1_2004_06_Track06_wav,STFT,32768,78.0,6.19
1,/Volumes/HD-NICO/vaio-backup/Documents/ime/compmus/mestrado/maestro-v2.0.0/2004/MIDI-Unprocessed_XP_09_R1_2004_05_ORIG_MID--AUDIO_09_R1_2004_06_Track06_wav,CQT,32768,904.0,2.74
2,/Volumes/HD-NICO/vaio-backup/Documents/ime/compmus/mestrado/maestro-v2.0.0/2004/MIDI-Unprocessed_XP_09_R1_2004_05_ORIG_MID--AUDIO_09_R1_2004_06_Track06_wav,SWGM,32768,10700.0,488.0
3,/Volumes/HD-NICO/vaio-backup/Documents/ime/compmus/mestrado/maestro-v2.0.0/2004/MIDI-Unprocessed_XP_09_R1_2004_05_ORIG_MID--AUDIO_09_R1_2004_06_Track06_wav,economic 200,32768,959.0,13.6
4,/Volumes/HD-NICO/vaio-backup/Documents/ime/compmus/mestrado/maestro-v2.0.0/2004/MIDI-Unprocessed_XP_09_R1_2004_05_ORIG_MID--AUDIO_09_R1_2004_06_Track06_wav,economic 500,32768,932.0,4.75
5,/Volumes/HD-NICO/vaio-backup/Documents/ime/compmus/mestrado/maestro-v2.0.0/2004/MIDI-Unprocessed_XP_09_R1_2004_05_ORIG_MID--AUDIO_09_R1_2004_06_Track06_wav,economic 800,32768,928.0,2.52
6,/Volumes/HD-NICO/vaio-backup/Documents/ime/compmus/mestrado/maestro-v2.0.0/2004/MIDI-Unprocessed_XP_15_R1_2004_03_ORIG_MID--AUDIO_15_R1_2004_03_Track03_wav,STFT,32768,67.4,2.09
7,/Volumes/HD-NICO/vaio-backup/Documents/ime/compmus/mestrado/maestro-v2.0.0/2004/MIDI-Unprocessed_XP_15_R1_2004_03_ORIG_MID--AUDIO_15_R1_2004_03_Track03_wav,CQT,32768,921.0,12.2
8,/Volumes/HD-NICO/vaio-backup/Documents/ime/compmus/mestrado/maestro-v2.0.0/2004/MIDI-Unprocessed_XP_15_R1_2004_03_ORIG_MID--AUDIO_15_R1_2004_03_Track03_wav,SWGM,32768,10300.0,479.0
9,/Volumes/HD-NICO/vaio-backup/Documents/ime/compmus/mestrado/maestro-v2.0.0/2004/MIDI-Unprocessed_XP_15_R1_2004_03_ORIG_MID--AUDIO_15_R1_2004_03_Track03_wav,economic 200,32768,957.0,9.23
10,/Volumes/HD-NICO/vaio-backup/Documents/ime/compmus/mestrado/maestro-v2.0.0/2004/MIDI-Unprocessed_XP_15_R1_2004_03_ORIG_MID--AUDIO_15_R1_2004_03_Track03_wav,economic 500,32768,731.0,5.47
11,/Volumes/HD-NICO/vaio-backup/Documents/ime/compmus/mestrado/maestro-v2.0.0/2004/MIDI-Unprocessed_XP_15_R1_2004_03_ORIG_MID--AUDIO_15_R1_2004_03_Track03_wav,economic 800,32768,695.0,1.81
12,/Volumes/HD-NICO/vaio-backup/Documents/ime/compmus/mestrado/maestro-v2.0.0/2004/MIDI-Unprocessed_SMF_22_R1_2004_01-04_ORIG_MID--AUDIO_22_R1_2004_05_Track05_wav,STFT,32768,65.6,2.42
13,/Volumes/HD-NICO/vaio-backup/Documents/ime/compmus/mestrado/maestro-v2.0.0/2004/MIDI-Unprocessed_SMF_22_R1_2004_01-04_ORIG_MID--AUDIO_22_R1_2004_05_Track05_wav,CQT,32768,907.0,6.77
14,/Volumes/HD-NICO/vaio-backup/Documents/ime/compmus/mestrado/maestro-v2.0.0/2004/MIDI-Unprocessed_SMF_22_R1_2004_01-04_ORIG_MID--AUDIO_22_R1_2004_05_Track05_wav,SWGM,32768,10500.0,696.0
15,/Volumes/HD-NICO/vaio-backup/Documents/ime/compmus/mestrado/maestro-v2.0.0/2004/MIDI-Unprocessed_SMF_22_R1_2004_01-04_ORIG_MID--AUDIO_22_R1_2004_05_Track05_wav,economic 200,32768,970.0,9.43
16,/Volumes/HD-NICO/vaio-backup/Documents/ime/compmus/mestrado/maestro-v2.0.0/2004/MIDI-Unprocessed_SMF_22_R1_2004_01-04_ORIG_MID--AUDIO_22_R1_2004_05_Track05_wav,economic 500,32768,897.0,2.96
17,/Volumes/HD-NICO/vaio-backup/Documents/ime/compmus/mestrado/maestro-v2.0.0/2004/MIDI-Unprocessed_SMF_22_R1_2004_01-04_ORIG_MID--AUDIO_22_R1_2004_05_Track05_wav,economic 800,32768,888.0,1.46
18,/Volumes/HD-NICO/vaio-backup/Documents/ime/compmus/mestrado/maestro-v2.0.0/2004/MIDI-Unprocessed_XP_09_R1_2004_05_ORIG_MID--AUDIO_09_R1_2004_08_Track08_wav,STFT,32768,63.9,1.43
19,/Volumes/HD-NICO/vaio-backup/Documents/ime/compmus/mestrado/maestro-v2.0.0/2004/MIDI-Unprocessed_XP_09_R1_2004_05_ORIG_MID--AUDIO_09_R1_2004_08_Track08_wav,CQT,32768,906.0,7.05
20,/Volumes/HD-NICO/vaio-backup/Documents/ime/compmus/mestrado/maestro-v2.0.0/2004/MIDI-Unprocessed_XP_09_R1_2004_05_ORIG_MID--AUDIO_09_R1_2004_08_Track08_wav,SWGM,32768,10200.0,442.0
21,/Volumes/HD-NICO/vaio-backup/Documents/ime/compmus/mestrado/maestro-v2.0.0/2004/MIDI-Unprocessed_XP_09_R1_2004_05_ORIG_MID--AUDIO_09_R1_2004_08_Track08_wav,economic 200,32768,980.0,8.52
22,/Volumes/HD-NICO/vaio-backup/Documents/ime/compmus/mestrado/maestro-v2.0.0/2004/MIDI-Unprocessed_XP_09_R1_2004_05_ORIG_MID--AUDIO_09_R1_2004_08_Track08_wav,economic 500,32768,687.0,5.09
23,/Volumes/HD-NICO/vaio-backup/Documents/ime/compmus/mestrado/maestro-v2.0.0/2004/MIDI-Unprocessed_XP_09_R1_2004_05_ORIG_MID--AUDIO_09_R1_2004_08_Track08_wav,economic 800,32768,651.0,8.41
24,/Volumes/HD-NICO/vaio-backup/Documents/ime/compmus/mestrado/maestro-v2.0.0/2004/MIDI-Unprocessed_XP_04_R2_2004_01_ORIG_MID--AUDIO_04_R2_2004_02_Track02_wav,STFT,32768,64.9,1.33
25,/Volumes/HD-NICO/vaio-backup/Documents/ime/compmus/mestrado/maestro-v2.0.0/2004/MIDI-Unprocessed_XP_04_R2_2004_01_ORIG_MID--AUDIO_04_R2_2004_02_Track02_wav,CQT,32768,914.0,12.4
26,/Volumes/HD-NICO/vaio-backup/Documents/ime/compmus/mestrado/maestro-v2.0.0/2004/MIDI-Unprocessed_XP_04_R2_2004_01_ORIG_MID--AUDIO_04_R2_2004_02_Track02_wav,SWGM,32768,10300.0,475.0
27,/Volumes/HD-NICO/vaio-backup/Documents/ime/compmus/mestrado/maestro-v2.0.0/2004/MIDI-Unprocessed_XP_04_R2_2004_01_ORIG_MID--AUDIO_04_R2_2004_02_Track02_wav,economic 200,32768,984.0,6.5
28,/Volumes/HD-NICO/vaio-backup/Documents/ime/compmus/mestrado/maestro-v2.0.0/2004/MIDI-Unprocessed_XP_04_R2_2004_01_ORIG_MID--AUDIO_04_R2_2004_02_Track02_wav,economic 500,32768,665.0,0.979
29,/Volumes/HD-NICO/vaio-backup/Documents/ime/compmus/mestrado/maestro-v2.0.0/2004/MIDI-Unprocessed_XP_04_R2_2004_01_ORIG_MID--AUDIO_04_R2_2004_02_Track02_wav,economic 800,32768,629.0,2.42
